site,slug,title,type,category,wordcount,valid_products,invalid_products,status,live_url
glow-coded,anua-heartleaf-toner-vs-im-from-rice-toner,Anua Heartleaf Toner vs Im From Rice Toner: We Tested Both for 8 Weeks,review,reviews,1321,3,2,invalid_handle,https://glow-coded.com/anua-heartleaf-toner-vs-im-from-rice-toner/
glow-coded,korean-spf-vs-western-spf,Korean SPF vs Western SPF: The Real Difference (2026 Guide),guide,ingredients,2253,0,0,no_products,https://glow-coded.com/korean-spf-vs-western-spf/
glow-coded,red-irritated-skin-after-retinol-recovery,Red Irritated Skin After Retinol: The Recovery Routine,guide,how-tos,1622,8,2,invalid_handle,https://glow-coded.com/red-irritated-skin-after-retinol-recovery/
rooted-glow,10-anti-inflammatory-meals-weight-loss,10 Anti-Inflammatory Meals That Help You Lose Weight,listicle,nutrition,1698,0,0,no_products,https://rooted-glow.com/10-anti-inflammatory-meals-weight-loss/
rooted-glow,10-brain-snacks-boost-concentration,Brain Food: 10 Snacks That Boost Concentration,listicle,nutrition,1023,0,0,no_products,https://rooted-glow.com/10-brain-snacks-boost-concentration/
rooted-glow,10-high-protein-smoothie-recipes-recovery,10 High-Protein Smoothie Recipes for Post-Workout Recovery,listicle,nutrition,1257,0,0,no_products,https://rooted-glow.com/10-high-protein-smoothie-recipes-recovery/
rooted-glow,10-minute-body-scan-meditation-beginners,10-Minute Body Scan Meditation for Beginners,guide,natural-health,1164,0,0,no_products,https://rooted-glow.com/10-minute-body-scan-meditation-beginners/
rooted-glow,10-warming-soups-gut-health-weight-loss,10 Warming Soups for Gut Health and Weight Loss,listicle,nutrition,1597,0,0,no_products,https://rooted-glow.com/10-warming-soups-gut-health-weight-loss/
rooted-glow,15-minute-morning-meditation-sequence,15-Minute Morning Meditation Sequence for Calm and Clarity,guide,natural-health,1381,0,0,no_products,https://rooted-glow.com/15-minute-morning-meditation-sequence/
rooted-glow,5-recovery-tools-speed-muscle-healing,5 Recovery Tools That Actually Speed Up Muscle Healing,guide,movement,1435,0,0,no_products,https://rooted-glow.com/5-recovery-tools-speed-muscle-healing/
rooted-glow,7-evening-wind-down-rituals-deep-sleep,7 Evening Wind-Down Rituals for Deep Sleep,guide,natural-health,1252,0,0,no_products,https://rooted-glow.com/7-evening-wind-down-rituals-deep-sleep/
rooted-glow,8-adaptogens-that-actually-work,8 Adaptogens That Actually Work,listicle,natural-health,2284,0,0,no_products,https://rooted-glow.com/8-adaptogens-that-actually-work/
rooted-glow,anti-inflammatory-spice-blends-make-today,5 Anti-Inflammatory Spice Blends You Can Make Today,guide,nutrition,982,0,0,no_products,https://rooted-glow.com/anti-inflammatory-spice-blends-make-today/
rooted-glow,ashwagandha-vs-rhodiola,Ashwagandha vs Rhodiola: Which Adaptogen Is Right for You?,guide,natural-health,3489,0,0,no_products,https://rooted-glow.com/ashwagandha-vs-rhodiola/
rooted-glow,asics-novablast-5-review,ASICS Novablast 5 Review: Best Daily Trainer,guide,movement,1039,0,0,no_products,https://rooted-glow.com/asics-novablast-5-review/
rooted-glow,best-electrolyte-drinks-runners,Best Electrolyte Drinks for Runners and Athletes in 2026,listicle,movement,1852,0,0,no_products,https://rooted-glow.com/best-electrolyte-drinks-runners/
rooted-glow,best-probiotics-for-women-gut-health,Best Probiotics for Women: Gut and Vaginal Health,listicle,nutrition,1687,0,0,no_products,https://rooted-glow.com/best-probiotics-for-women-gut-health/
rooted-glow,best-protein-powders-clean-natural,Best Clean Protein Powders: No Artificial Junk,listicle,nutrition,1677,0,0,no_products,https://rooted-glow.com/best-protein-powders-clean-natural/
rooted-glow,best-running-shoes-advanced,Best Running Shoes for Advanced Runners,listicle,movement,1800,0,0,no_products,https://rooted-glow.com/best-running-shoes-advanced/
rooted-glow,best-running-shoes-beginners,Best Running Shoes for Beginners,listicle,movement,1487,0,0,no_products,https://rooted-glow.com/best-running-shoes-beginners/
rooted-glow,best-running-shoes-intermediate,Best Running Shoes for Intermediate Runners,listicle,movement,1437,0,0,no_products,https://rooted-glow.com/best-running-shoes-intermediate/
rooted-glow,best-stainless-steel-cookware,Best Stainless Steel Cookware for Healthy Cooking,listicle,nutrition,5174,0,0,no_products,https://rooted-glow.com/best-stainless-steel-cookware/
rooted-glow,bone-broth-benefits,Bone Broth Benefits: Why Your Grandmother Was Right,hub,nutrition,1453,0,0,no_products,https://rooted-glow.com/bone-broth-benefits/
rooted-glow,bone-broth-gut-health-collagen-connection,Bone Broth for Gut Health: The Collagen Connection,guide,nutrition,962,0,0,no_products,https://rooted-glow.com/bone-broth-gut-health-collagen-connection/
rooted-glow,breathwork-techniques-stress-recovery,Breathwork Techniques for Stress and Recovery,guide,natural-health,1232,0,0,no_products,https://rooted-glow.com/breathwork-techniques-stress-recovery/
rooted-glow,collagen-peptides-vs-bone-broth,Collagen Peptides vs Bone Broth Compared,guide,nutrition,2862,0,0,no_products,https://rooted-glow.com/collagen-peptides-vs-bone-broth/
rooted-glow,complete-guide-ancestral-eating,Complete Guide to Ancestral Eating,hub,nutrition,1583,0,0,no_products,https://rooted-glow.com/complete-guide-ancestral-eating/
rooted-glow,couch-to-5k-8-week-running-plan,Couch to 5K in 8 Weeks: A Beginner Plan,guide,movement,1353,0,0,no_products,https://rooted-glow.com/couch-to-5k-8-week-running-plan/
rooted-glow,diy-natural-gel-recipes,"DIY Natural Gels: Flaxseed, Aloe & Herbal Recipes",guide,natural-health,4398,0,0,no_products,https://rooted-glow.com/diy-natural-gel-recipes/
rooted-glow,fermented-beetroot-kvass-probiotic-drink,Fermented Beetroot Kvass: Easy Probiotic Drink,guide,nutrition,731,0,0,no_products,https://rooted-glow.com/fermented-beetroot-kvass-probiotic-drink/
rooted-glow,foods-that-sharpen-focus-science-backed,Foods That Sharpen Focus: A Science-Backed Guide,guide,nutrition,1190,0,0,no_products,https://rooted-glow.com/foods-that-sharpen-focus-science-backed/
rooted-glow,functional-fitness-for-real-life,Functional Fitness for Real Life,hub,movement,1724,0,0,no_products,https://rooted-glow.com/functional-fitness-for-real-life/
rooted-glow,gut-skin-connection-explained,The Gut-Skin Connection Explained,guide,nutrition,1579,0,0,no_products,https://rooted-glow.com/gut-skin-connection-explained/
rooted-glow,heart-rate-zones-explained-train-smarter,"Heart Rate Zones Explained: Train Smarter, Not Harder",guide,movement,959,0,0,no_products,https://rooted-glow.com/heart-rate-zones-explained-train-smarter/
rooted-glow,high-protein-breakfasts-without-grains,15 High-Protein Breakfasts Without Grains,listicle,nutrition,873,0,0,no_products,https://rooted-glow.com/high-protein-breakfasts-without-grains/
rooted-glow,hip-flexor-stretches-exercises-tight-hips,Hip Flexor Stretches and Exercises: Fix Tight Hips for Good,guide,movement,1182,0,0,no_products,https://rooted-glow.com/hip-flexor-stretches-exercises-tight-hips/
rooted-glow,how-to-fix-your-sleep-in-7-days,How to Fix Your Sleep in 7 Days,guide,natural-health,1634,0,0,no_products,https://rooted-glow.com/how-to-fix-your-sleep-in-7-days/
rooted-glow,how-to-make-fermented-kimchi-at-home,How to Make Fermented Kimchi at Home,guide,nutrition,1166,0,0,no_products,https://rooted-glow.com/how-to-make-fermented-kimchi-at-home/
rooted-glow,how-to-make-natural-fruit-soda,How to Make Natural Fruit Soda (Healthy Fanta Alternative),guide,nutrition,877,0,0,no_products,https://rooted-glow.com/how-to-make-natural-fruit-soda/
rooted-glow,how-to-make-sauerkraut-at-home,How to Make Sauerkraut at Home,guide,nutrition,865,0,0,no_products,https://rooted-glow.com/how-to-make-sauerkraut-at-home/
rooted-glow,how-to-start-cold-water-therapy,The Complete Guide to Cold Water Therapy,guide,natural-health,1202,0,0,no_products,https://rooted-glow.com/how-to-start-cold-water-therapy/
rooted-glow,how-to-start-running-beginners-guide,How to Start Running: Complete Beginner's Guide,hub,movement,1707,0,0,no_products,https://rooted-glow.com/how-to-start-running-beginners-guide/
rooted-glow,intermittent-fasting-beginners-guide,How to Start Intermittent Fasting Safely,guide,nutrition,1215,0,0,no_products,https://rooted-glow.com/intermittent-fasting-beginners-guide/
rooted-glow,magnesium-glycinate-benefits-dosage-guide,Magnesium Glycinate: Benefits and Dosage Guide,guide,nutrition,1175,0,0,no_products,https://rooted-glow.com/magnesium-glycinate-benefits-dosage-guide/
rooted-glow,meditation-cortisol-stillness-heals-skin,Meditation and Cortisol: How Stillness Heals Skin,guide,natural-health,927,0,0,no_products,https://rooted-glow.com/meditation-cortisol-stillness-heals-skin/
rooted-glow,meditation-for-beginners-start-5-minutes,Meditation for Beginners: Start With Just 5 Minutes,hub,natural-health,962,0,0,no_products,https://rooted-glow.com/meditation-for-beginners-start-5-minutes/
rooted-glow,morning-mobility-routine-15-min,Morning Mobility Routine: 15 Minutes to Move Better,guide,movement,1571,0,0,no_products,https://rooted-glow.com/morning-mobility-routine-15-min/
rooted-glow,nike-vomero-plus-review,Nike Vomero Plus Review: ZoomX Cushion Trainer,guide,movement,1232,0,0,no_products,https://rooted-glow.com/nike-vomero-plus-review/
rooted-glow,organ-meats-101-benefits-beginner-recipes,Organ Meats 101: Benefits + Beginner Recipes,guide,nutrition,1575,0,0,no_products,https://rooted-glow.com/organ-meats-101-benefits-beginner-recipes/
rooted-glow,probiotics-vs-prebiotics,Probiotics vs Prebiotics: Which Do You Need?,guide,nutrition,3463,0,0,no_products,https://rooted-glow.com/probiotics-vs-prebiotics/
rooted-glow,running-shoe-rotation-guide,Running Shoe Rotation: Why You Need Multiple Pairs,guide,movement,1038,0,0,no_products,https://rooted-glow.com/running-shoe-rotation-guide/
rooted-glow,seasonal-fruit-guide-what-to-eat-each-month,Seasonal Fruit Guide: What to Eat Each Month,guide,nutrition,1479,0,0,no_products,https://rooted-glow.com/seasonal-fruit-guide-what-to-eat-each-month/
rooted-glow,sleep-stress-skin-wellness-triangle,"Sleep, Stress, and Skin: The Wellness Triangle",hub,natural-health,1361,0,0,no_products,https://rooted-glow.com/sleep-stress-skin-wellness-triangle/
rooted-glow,strength-training-without-a-gym,Strength Training Without a Gym,guide,movement,1684,0,0,no_products,https://rooted-glow.com/strength-training-without-a-gym/
rooted-glow,toxin-free-living-where-to-start,Toxin-Free Living: Where to Start,guide,natural-health,1724,0,0,no_products,https://rooted-glow.com/toxin-free-living-where-to-start/
rooted-glow,walking-for-health-underrated-exercise,Walking for Health: The Most Underrated Exercise,guide,movement,1468,0,0,no_products,https://rooted-glow.com/walking-for-health-underrated-exercise/
rooted-glow,walking-vs-running,Walking vs Running: Which Burns More Fat?,guide,movement,3098,0,0,no_products,https://rooted-glow.com/walking-vs-running/
rooted-glow,weekly-meal-prep-weight-loss,How to Build a Weekly Meal Prep for Weight Loss,guide,nutrition,986,0,0,no_products,https://rooted-glow.com/weekly-meal-prep-weight-loss/
rooted-glow,why-we-quit-seed-oils,Why We Quit Seed Oils (And What We Cook With Instead),guide,nutrition,1314,0,0,no_products,https://rooted-glow.com/why-we-quit-seed-oils/
rooted-glow,yoga-vs-pilates,Yoga vs Pilates: Which Practice Is Better for Your Body?,guide,movement,2800,0,0,no_products,https://rooted-glow.com/yoga-vs-pilates/
rooted-glow,zone-2-training-slow-running-burns-fat,Zone 1 and Zone 2 Training: Why Slow Running Burns More Fat,guide,movement,1134,0,0,no_products,https://rooted-glow.com/zone-2-training-slow-running-burns-fat/
build-coded,arduino-projects-beginners,10 Arduino Projects for Beginners: Learn by Building,listicle,electronics,1418,0,0,no_products,https://build-coded.com/arduino-projects-beginners/
build-coded,bathroom-renovation-cost-breakdown,Bathroom Renovation Cost Breakdown by Budget,guide,home-improvement,2346,0,0,no_products,https://build-coded.com/bathroom-renovation-cost-breakdown/
build-coded,beginner-woodworking-joints-guide,Woodworking Joints: 8 Essential Beginner Joints,hub,woodworking,2806,0,0,no_products,https://build-coded.com/beginner-woodworking-joints-guide/
build-coded,best-3d-printer-filament-starter-kit,Best 3D Printer Filament for Beginners: 6 Brands Tested,review,electronics,1650,0,0,no_products,https://build-coded.com/best-3d-printer-filament-starter-kit/
build-coded,best-3d-printers-beginners,Best 3D Printers for Beginners: 6 Models Under $500,review,electronics,1679,0,0,no_products,https://build-coded.com/best-3d-printers-beginners/
build-coded,best-beginner-woodworking-tools,Best Beginner Woodworking Tools to Get Started,listicle,woodworking,1717,0,0,no_products,https://build-coded.com/best-beginner-woodworking-tools/
build-coded,best-cordless-drills,Best Cordless Drills for Every Budget: 7 Models Compared,review,home-improvement,2706,0,0,no_products,https://build-coded.com/best-cordless-drills/
build-coded,best-cordless-soldering-iron-electronics,Best Cordless Soldering Irons for Electronics: 5 Picks for Every Budget,review,electronics,1615,0,0,no_products,https://build-coded.com/best-cordless-soldering-iron-electronics/
build-coded,best-heat-guns-crafts-diy,Best Heat Guns for Crafts and DIY: 5 Models Compared,review,crafts,2447,0,0,no_products,https://build-coded.com/best-heat-guns-crafts-diy/
build-coded,best-hot-glue-guns-crafters,Best Hot Glue Guns for Crafters in 2026: Full-Size to Mini,listicle,crafts,2682,0,0,no_products,https://build-coded.com/best-hot-glue-guns-crafters/
build-coded,best-impact-driver-kits-diy,Best Impact Driver Kits for DIY: 5 Tested Models Ranked,review,woodworking,1689,0,0,no_products,https://build-coded.com/best-impact-driver-kits-diy/
build-coded,best-miter-saws-beginners-to-pro,Best Miter Saws in 2026: Beginner to Pro Picks Compared,listicle,woodworking,2034,0,0,no_products,https://build-coded.com/best-miter-saws-beginners-to-pro/
build-coded,best-multimeters-home-use,Best Multimeters for Home Use: 5 Models from Budget to Pro,review,electronics,2473,0,0,no_products,https://build-coded.com/best-multimeters-home-use/
build-coded,best-orbital-sanders,Best Random Orbital Sanders: 6 Models Tested,review,woodworking,2879,0,0,no_products,https://build-coded.com/best-orbital-sanders/
build-coded,best-paint-sprayers-home-use,Best Paint Sprayers for Home Use Compared,review,home-improvement,2911,0,0,no_products,https://build-coded.com/best-paint-sprayers-home-use/
build-coded,best-router-woodworking,Best Wood Routers: Top Picks for Every Budget,review,woodworking,2409,0,0,no_products,https://build-coded.com/best-router-woodworking/
build-coded,best-soldering-irons-beginners,Best Soldering Irons for Beginners in 2026: From $15 to $150,listicle,electronics,2358,0,0,no_products,https://build-coded.com/best-soldering-irons-beginners/
build-coded,best-stud-finders-home-diy,Best Stud Finders for Home DIY: Tested and Reviewed,listicle,home-improvement,2170,0,0,no_products,https://build-coded.com/best-stud-finders-home-diy/
build-coded,best-table-saws-beginners,Best Table Saws for Beginners in 2026: Budget to Cabinet,listicle,woodworking,1496,0,0,no_products,https://build-coded.com/best-table-saws-beginners/
build-coded,best-tool-boxes-organizers-workshop,Best Tool Boxes and Organizers for Every Workshop in 2026,listicle,woodworking,1918,0,0,no_products,https://build-coded.com/best-tool-boxes-organizers-workshop/
build-coded,best-wood-finishes-beginners,"Best Wood Finishes for Beginners: Oil, Wax, Poly, and More",listicle,woodworking,2329,0,0,no_products,https://build-coded.com/best-wood-finishes-beginners/
build-coded,brad-nailer-vs-finish-nailer,Brad Nailer vs Finish Nailer: Which Nail Gun Should You Buy?,guide,woodworking,2478,0,0,no_products,https://build-coded.com/brad-nailer-vs-finish-nailer/
build-coded,chicken-coop-plans-every-budget,Chicken Coop Plans: 5 Designs from $75 to $600,listicle,woodworking,3018,0,0,no_products,https://build-coded.com/chicken-coop-plans-every-budget/
build-coded,diy-bookshelf-plans-every-skill-level,DIY Bookshelf Plans for Every Skill Level,guide,woodworking,2914,0,0,no_products,https://build-coded.com/diy-bookshelf-plans-every-skill-level/
build-coded,diy-candle-making-complete-guide,DIY Candle Making: Your First Homemade Candle,guide,crafts,2822,0,0,no_products,https://build-coded.com/diy-candle-making-complete-guide/
build-coded,diy-concrete-planters-home-decor,DIY Concrete Planters: Easy Weekend Project,guide,crafts,2807,0,0,no_products,https://build-coded.com/diy-concrete-planters-home-decor/
build-coded,diy-end-grain-cutting-board,DIY End-Grain Cutting Board: Step-by-Step Beginner Project,guide,woodworking,2161,0,0,no_products,https://build-coded.com/diy-end-grain-cutting-board/
build-coded,diy-natural-gel-recipes,"DIY Natural Gels: Flaxseed, Aloe & Herbal Recipes",guide,crafts,4398,0,0,no_products,https://build-coded.com/diy-natural-gel-recipes/
build-coded,diy-shelving-ideas-built-in-floating-wall,"10 DIY Shelving Ideas: Floating, Built-In, and Wall Shelves",guide,woodworking,1555,0,0,no_products,https://build-coded.com/diy-shelving-ideas-built-in-floating-wall/
build-coded,diy-smart-home-on-a-budget,DIY Smart Home on a Budget: Complete Setup Guide,hub,electronics,1820,0,0,no_products,https://build-coded.com/diy-smart-home-on-a-budget/
build-coded,diy-tile-backsplash-kitchen,DIY Tile Backsplash: Complete Weekend Kitchen Project,guide,home-improvement,2528,0,0,no_products,https://build-coded.com/diy-tile-backsplash-kitchen/
build-coded,diy-vs-hire-when-to-call-a-pro,DIY vs Hire a Pro: When to Call a Professional,hub,home-improvement,1862,0,0,no_products,https://build-coded.com/diy-vs-hire-when-to-call-a-pro/
build-coded,epoxy-resin-beginners-guide,Epoxy Resin for Beginners: Everything You Need to Know,hub,crafts,2424,0,0,no_products,https://build-coded.com/epoxy-resin-beginners-guide/
build-coded,esp32-vs-arduino-which-to-choose,ESP32 vs Arduino: Which Microcontroller Should You Choose?,hub,electronics,2015,0,0,no_products,https://build-coded.com/esp32-vs-arduino-which-to-choose/
build-coded,floating-shelves-install-guide-best-picks,How to Install Floating Shelves (+ 5 Best Picks in 2026),guide,home-improvement,1248,0,0,no_products,https://build-coded.com/floating-shelves-install-guide-best-picks/
build-coded,hardwood-vs-laminate-flooring,Hardwood vs Laminate Flooring: The Complete Comparison Guide,guide,home-improvement,3223,0,0,no_products,https://build-coded.com/hardwood-vs-laminate-flooring/
build-coded,home-automation-starter-kit,Home Automation Starter Kit: Everything You Need to Begin,hub,electronics,2117,0,0,no_products,https://build-coded.com/home-automation-starter-kit/
build-coded,how-to-build-a-floating-shelf,How to Build a Floating Shelf: Step-by-Step Guide,guide,woodworking,1783,0,0,no_products,https://build-coded.com/how-to-build-a-floating-shelf/
build-coded,how-to-build-a-workbench,How to Build a Simple Workbench: Weekend Project,guide,woodworking,2159,0,0,no_products,https://build-coded.com/how-to-build-a-workbench/
build-coded,how-to-build-led-strip-lighting,How to Build Custom LED Strip Lighting,guide,electronics,2081,0,0,no_products,https://build-coded.com/how-to-build-led-strip-lighting/
build-coded,how-to-build-outdoor-planter-box,How to Build an Outdoor Planter Box: Cedar Planter Plans,guide,woodworking,2235,0,0,no_products,https://build-coded.com/how-to-build-outdoor-planter-box/
build-coded,how-to-caulk-like-a-pro,How to Caulk Like a Pro: Clean Lines Every Time,guide,home-improvement,2291,0,0,no_products,https://build-coded.com/how-to-caulk-like-a-pro/
build-coded,how-to-change-a-tire,How to Change a Tire: Step-by-Step Guide,guide,home-improvement,2283,0,0,no_products,https://build-coded.com/how-to-change-a-tire/
build-coded,how-to-fix-a-running-toilet,How to Fix a Running Toilet in Under an Hour,guide,home-improvement,2351,0,0,no_products,https://build-coded.com/how-to-fix-a-running-toilet/
build-coded,how-to-fix-squeaky-floors,How to Fix Squeaky Floors: 5 Methods That Actually Work,guide,home-improvement,1916,0,0,no_products,https://build-coded.com/how-to-fix-squeaky-floors/
build-coded,how-to-get-rid-of-ants-naturally,How to Get Rid of Ants Naturally: Methods That Actually Work,guide,crafts,3091,0,0,no_products,https://build-coded.com/how-to-get-rid-of-ants-naturally/
build-coded,how-to-install-crown-molding,How to Install Crown Molding: A Complete Step-by-Step Guide,guide,home-improvement,1303,0,0,no_products,https://build-coded.com/how-to-install-crown-molding/
build-coded,how-to-install-french-drain,How to Install a French Drain: Stop Water Problems for Good,guide,home-improvement,2576,0,0,no_products,https://build-coded.com/how-to-install-french-drain/
build-coded,how-to-install-gutter-guards,How to Install Gutter Guards: The Complete DIY Guide,guide,home-improvement,2475,0,0,no_products,https://build-coded.com/how-to-install-gutter-guards/
build-coded,how-to-install-lvp-flooring,How to Install Luxury Vinyl Plank Flooring (DIY),guide,home-improvement,2108,0,0,no_products,https://build-coded.com/how-to-install-lvp-flooring/
build-coded,how-to-install-smart-light-switches,How to Install Smart Light Switches: No Electrician Needed,guide,home-improvement,2710,0,0,no_products,https://build-coded.com/how-to-install-smart-light-switches/
build-coded,how-to-make-resin-jewelry-beginners,How to Make Resin Jewelry: Complete Beginner's Guide,guide,crafts,2404,0,0,no_products,https://build-coded.com/how-to-make-resin-jewelry-beginners/
build-coded,how-to-make-soy-candles,How to Make Soy Candles at Home: Step-by-Step Guide,guide,crafts,2346,0,0,no_products,https://build-coded.com/how-to-make-soy-candles/
build-coded,how-to-patch-drywall-like-a-pro,How to Patch Drywall: Small to Large Repairs,guide,home-improvement,2023,0,0,no_products,https://build-coded.com/how-to-patch-drywall-like-a-pro/
build-coded,how-to-replace-circuit-breaker,How to Replace a Circuit Breaker: A Safety-First Guide,guide,electronics,2796,0,0,no_products,https://build-coded.com/how-to-replace-circuit-breaker/
build-coded,how-to-replace-kitchen-faucet,How to Replace a Kitchen Faucet: A Complete DIY Guide,guide,home-improvement,1993,0,0,no_products,https://build-coded.com/how-to-replace-kitchen-faucet/
build-coded,how-to-sharpen-chisels-razor-sharp,How to Sharpen Chisels Razor Sharp,guide,woodworking,1747,0,0,no_products,https://build-coded.com/how-to-sharpen-chisels-razor-sharp/
build-coded,impact-driver-vs-drill,Impact Driver vs Drill: Which Power Tool Do You Need?,guide,woodworking,2725,0,0,no_products,https://build-coded.com/impact-driver-vs-drill/
build-coded,kreg-pocket-hole-jig-guide,Kreg Pocket Hole Jig 720PRO Review: Is It Worth the Upgrade?,review,woodworking,1393,0,0,no_products,https://build-coded.com/kreg-pocket-hole-jig-guide/
build-coded,latex-paint-vs-oil-based-paint,Latex Paint vs Oil-Based Paint: Which Should You Use?,guide,home-improvement,3277,0,0,no_products,https://build-coded.com/latex-paint-vs-oil-based-paint/
build-coded,macrame-basics-knots-guide,Macrame Basics: 7 Essential Knots for Beginners,guide,crafts,2673,0,0,no_products,https://build-coded.com/macrame-basics-knots-guide/
build-coded,orbital-sander-vs-belt-sander,Orbital Sander vs Belt Sander: Which One Do You Need?,guide,woodworking,2839,0,0,no_products,https://build-coded.com/orbital-sander-vs-belt-sander/
build-coded,patio-ideas-on-a-budget,10 Patio Ideas on a Budget That Actually Look Good,listicle,home-improvement,2745,0,0,no_products,https://build-coded.com/patio-ideas-on-a-budget/
build-coded,raised-garden-bed-diy,Raised Garden Bed DIY: Build a Lasting Cedar Bed,guide,woodworking,2830,0,0,no_products,https://build-coded.com/raised-garden-bed-diy/
build-coded,raspberry-pi-home-server-guide,Raspberry Pi Home Server Guide: Set Up in an Afternoon,guide,electronics,1581,0,0,no_products,https://build-coded.com/raspberry-pi-home-server-guide/
build-coded,raspberry-pi-pico-projects-beginners,10 Raspberry Pi Pico Projects for Beginners (With Full Code),listicle,electronics,1790,0,0,no_products,https://build-coded.com/raspberry-pi-pico-projects-beginners/
build-coded,sliding-miter-saw-buyers-guide,Sliding Miter Saw Buying Guide: 5 Models for Every Workshop,review,woodworking,1712,0,0,no_products,https://build-coded.com/sliding-miter-saw-buyers-guide/
build-coded,soldering-basics-complete-guide,Soldering Basics: The Complete Beginner's Guide,guide,electronics,2287,0,0,no_products,https://build-coded.com/soldering-basics-complete-guide/
build-coded,table-saw-vs-circular-saw,Table Saw vs Circular Saw: Which Should You Buy First?,review,woodworking,1586,0,0,no_products,https://build-coded.com/table-saw-vs-circular-saw/
build-coded,upcycling-furniture-paint-techniques,Upcycling Furniture with Paint: Best Techniques,guide,crafts,2546,0,0,no_products,https://build-coded.com/upcycling-furniture-paint-techniques/
build-coded,vinyl-plank-flooring-guide-lvp-vs-lvt,Vinyl Plank Flooring: LVP vs LVT vs SPC vs WPC,guide,home-improvement,1367,0,0,no_products,https://build-coded.com/vinyl-plank-flooring-guide-lvp-vs-lvt/
build-coded,water-heater-maintenance-checklist,Water Heater Maintenance Checklist for Longevity,guide,home-improvement,2900,0,0,no_products,https://build-coded.com/water-heater-maintenance-checklist/
build-coded,wood-types-explained-beginners,Wood Types Explained: Hardwoods vs Softwoods,hub,woodworking,1910,0,0,no_products,https://build-coded.com/wood-types-explained-beginners/
